Time,Object,Action,Details,User,Name
6/15/2018 12:08,Detector Measurement v5,Detector Measurement v5 completed successfully,,kiosk_validation,
6/15/2018 12:08,Detector Measurement v5,Voltage=2164.500000 AreaPerIon=248.423548,,kiosk_validation,
6/15/2018 12:06,Detector Measurement v5,Setting detector voltage to 2164.500000,,kiosk_validation,
6/15/2018 12:06,Detector Measurement v5,Setting detector voltage to 2014.500000,,kiosk_validation,
6/15/2018 12:06,Detector Measurement v5,Detector Measurement v5 starting.,,kiosk_validation,
6/15/2018 12:05,Detector Measurement v5,Detector Measurement v5 completed successfully,,kiosk_validation,
6/15/2018 12:05,Detector Measurement v5,Voltage=2164.500000 AreaPerIon=249.699884,,kiosk_validation,
6/15/2018 12:04,Detector Measurement v5,Setting detector voltage to 2164.500000,,kiosk_validation,
6/15/2018 12:04,Detector Measurement v5,Setting detector voltage to 2014.500000,,kiosk_validation,
6/15/2018 12:04,Detector Measurement v5,Detector Measurement v5 starting.,,kiosk_validation,
6/15/2018 12:03,Detector Measurement v5,Detector Measurement v5 completed successfully,,kiosk_validation,
6/15/2018 12:03,Detector Measurement v5,Voltage=2164.500000 AreaPerIon=250.066399,,kiosk_validation,
6/15/2018 12:02,Detector Measurement v5,Setting detector voltage to 2164.500000,,kiosk_validation,
6/15/2018 12:02,Detector Measurement v5,Setting detector voltage to 2014.500000,,kiosk_validation,
6/15/2018 12:02,Detector Measurement v5,Detector Measurement v5 starting.,,kiosk_validation,
6/15/2018 8:36,Detector Measurement v5,Detector Measurement v5 completed successfully,,kiosk_validation,
6/15/2018 8:36,Detector Measurement v5,Voltage=2164.500000 AreaPerIon=246.101726,,kiosk_validation,
6/15/2018 8:35,Detector Measurement v5,Setting detector voltage to 2164.500000,,kiosk_validation,
6/15/2018 8:35,Detector Measurement v5,Setting detector voltage to 2014.500000,,kiosk_validation,
6/15/2018 8:35,Detector Measurement v5,Detector Measurement v5 starting.,,kiosk_validation,
6/15/2018 8:34,Detector Measurement v5,Detector Measurement v5 completed successfully,,kiosk_validation,
6/15/2018 8:34,Detector Measurement v5,Voltage=2164.500000 AreaPerIon=246.055447,,kiosk_validation,
6/15/2018 8:33,Detector Measurement v5,Setting detector voltage to 2164.500000,,kiosk_validation,
6/15/2018 8:33,Detector Measurement v5,Setting detector voltage to 2014.500000,,kiosk_validation,
6/15/2018 8:33,Detector Measurement v5,Detector Measurement v5 starting.,,kiosk_validation,
6/15/2018 8:32,Detector Measurement v5,Detector Measurement v5 completed successfully,,kiosk_validation,
6/15/2018 8:32,Detector Measurement v5,Voltage=2164.500000 AreaPerIon=260.828091,,kiosk_validation,
6/15/2018 8:31,Detector Measurement v5,Setting detector voltage to 2164.500000,,kiosk_validation,
6/15/2018 8:31,Detector Measurement v5,Setting detector voltage to 2014.500000,,kiosk_validation,
6/15/2018 8:31,Detector Measurement v5,Detector Measurement v5 starting.,,kiosk_validation,
6/15/2018 5:06,Detector Measurement v5,Detector Measurement v5 completed successfully,,kiosk_validation,
6/15/2018 5:06,Detector Measurement v5,Voltage=2164.500000 AreaPerIon=252.852825,,kiosk_validation,
6/15/2018 5:05,Detector Measurement v5,Setting detector voltage to 2164.500000,,kiosk_validation,
6/15/2018 5:05,Gas valve manager,Opening tune compound valve,,kiosk_validation,
6/15/2018 5:05,Detector Measurement v5,Setting detector voltage to 2014.500000,,kiosk_validation,
6/15/2018 5:05,Detector Measurement v5,Detector Measurement v5 starting.,,kiosk_validation,
6/15/2018 5:04,Detector Measurement v5,Detector Measurement v5 completed successfully,,kiosk_validation,
6/15/2018 5:04,Detector Measurement v5,Voltage=2164.500000 AreaPerIon=246.471226,,kiosk_validation,
6/15/2018 5:03,Detector Measurement v5,Setting detector voltage to 2164.500000,,kiosk_validation,
6/15/2018 5:02,Detector Measurement v5,Setting detector voltage to 2014.500000,,kiosk_validation,
6/15/2018 5:02,Detector Measurement v5,Detector Measurement v5 starting.,,kiosk_validation,
6/15/2018 5:02,Detector Measurement v5,Detector Measurement v5 completed successfully,,kiosk_validation,
6/15/2018 5:02,Detector Measurement v5,Voltage=2164.500000 AreaPerIon=250.842234,,kiosk_validation,
6/15/2018 5:01,Detector Measurement v5,Setting detector voltage to 2164.500000,,kiosk_validation,
6/15/2018 5:00,Detector Measurement v5,Setting detector voltage to 2014.500000,,kiosk_validation,
6/15/2018 5:00,Detector Measurement v5,Detector Measurement v5 starting.,,kiosk_validation,
6/15/2018 1:34,Detector Measurement v5,Detector Measurement v5 completed successfully,,kiosk_validation,
6/15/2018 1:34,Detector Measurement v5,Voltage=2164.500000 AreaPerIon=248.127824,,kiosk_validation,
6/15/2018 1:33,Detector Measurement v5,Setting detector voltage to 2164.500000,,kiosk_validation,
6/15/2018 1:33,Detector Measurement v5,Setting detector voltage to 2014.500000,,kiosk_validation,
6/15/2018 1:33,Detector Measurement v5,Detector Measurement v5 starting.,,kiosk_validation,
6/15/2018 1:32,Detector Measurement v5,Detector Measurement v5 completed successfully,,kiosk_validation,
6/15/2018 1:32,Detector Measurement v5,Voltage=2164.500000 AreaPerIon=253.239275,,kiosk_validation,
6/15/2018 1:31,Detector Measurement v5,Setting detector voltage to 2164.500000,,kiosk_validation,
6/15/2018 1:31,Detector Measurement v5,Setting detector voltage to 2014.500000,,kiosk_validation,
6/15/2018 1:31,Detector Measurement v5,Detector Measurement v5 starting.,,kiosk_validation,
6/15/2018 1:30,Detector Measurement v5,Detector Measurement v5 completed successfully,,kiosk_validation,
6/15/2018 1:30,Detector Measurement v5,Voltage=2164.500000 AreaPerIon=255.477932,,kiosk_validation,
6/15/2018 1:29,Detector Measurement v5,Setting detector voltage to 2164.500000,,kiosk_validation,
6/15/2018 1:29,Detector Measurement v5,Setting detector voltage to 2014.500000,,kiosk_validation,
6/15/2018 1:29,Detector Measurement v5,Detector Measurement v5 starting.,,kiosk_validation,
6/14/2018 22:04,Detector Measurement v5,Detector Measurement v5 completed successfully,,kiosk_validation,
6/14/2018 22:04,Detector Measurement v5,Voltage=2164.500000 AreaPerIon=260.250729,,kiosk_validation,
6/14/2018 22:03,Detector Measurement v5,Setting detector voltage to 2164.500000,,kiosk_validation,
6/14/2018 22:02,Detector Measurement v5,Setting detector voltage to 2014.500000,,kiosk_validation,
6/14/2018 22:02,Detector Measurement v5,Detector Measurement v5 starting.,,kiosk_validation,
6/14/2018 22:02,Detector Measurement v5,Detector Measurement v5 completed successfully,,kiosk_validation,
6/14/2018 22:02,Detector Measurement v5,Voltage=2164.500000 AreaPerIon=253.230696,,kiosk_validation,
6/14/2018 22:01,Detector Measurement v5,Setting detector voltage to 2164.500000,,kiosk_validation,
6/14/2018 22:00,Detector Measurement v5,Setting detector voltage to 2014.500000,,kiosk_validation,
6/14/2018 22:00,Detector Measurement v5,Detector Measurement v5 starting.,,kiosk_validation,
6/14/2018 22:00,Detector Measurement v5,Detector Measurement v5 completed successfully,,kiosk_validation,
6/14/2018 22:00,Detector Measurement v5,Voltage=2164.500000 AreaPerIon=256.044465,,kiosk_validation,
6/14/2018 21:58,Detector Measurement v5,Setting detector voltage to 2164.500000,,kiosk_validation,
6/14/2018 21:58,Detector Measurement v5,Setting detector voltage to 2014.500000,,kiosk_validation,
6/14/2018 21:58,Detector Measurement v5,Detector Measurement v5 starting.,,kiosk_validation,
6/14/2018 18:33,Detector Measurement v5,Detector Measurement v5 completed successfully,,kiosk_validation,
6/14/2018 18:33,Detector Measurement v5,Voltage=2164.500000 AreaPerIon=264.349567,,kiosk_validation,
6/14/2018 18:32,Detector Measurement v5,Setting detector voltage to 2164.500000,,kiosk_validation,
6/14/2018 18:31,Detector Measurement v5,Setting detector voltage to 2014.500000,,kiosk_validation,
6/14/2018 18:31,Detector Measurement v5,Detector Measurement v5 starting.,,kiosk_validation,
6/14/2018 18:31,Detector Measurement v5,Detector Measurement v5 completed successfully,,kiosk_validation,
6/14/2018 18:31,Detector Measurement v5,Voltage=2164.500000 AreaPerIon=261.843507,,kiosk_validation,
6/14/2018 18:29,Detector Measurement v5,Setting detector voltage to 2164.500000,,kiosk_validation,
6/14/2018 18:29,Detector Measurement v5,Setting detector voltage to 2014.500000,,kiosk_validation,
6/14/2018 18:29,Detector Measurement v5,Detector Measurement v5 starting.,,kiosk_validation,
6/14/2018 18:29,Detector Measurement v5,Detector Measurement v5 completed successfully,,kiosk_validation,
6/14/2018 18:29,Detector Measurement v5,Voltage=2164.500000 AreaPerIon=256.057319,,kiosk_validation,
6/14/2018 18:27,Detector Measurement v5,Setting detector voltage to 2164.500000,,kiosk_validation,
6/14/2018 18:27,Detector Measurement v5,Setting detector voltage to 2014.500000,,kiosk_validation,
6/14/2018 18:27,Detector Measurement v5,Detector Measurement v5 starting.,,kiosk_validation,
6/14/2018 15:01,Detector Measurement v5,Detector Measurement v5 completed successfully,,kiosk_validation,
6/14/2018 15:01,Detector Measurement v5,Voltage=2164.500000 AreaPerIon=260.060097,,kiosk_validation,
6/14/2018 15:00,Detector Measurement v5,Setting detector voltage to 2164.500000,,kiosk_validation,
6/14/2018 14:59,Detector Measurement v5,Setting detector voltage to 2014.500000,,kiosk_validation,
6/14/2018 14:59,Detector Measurement v5,Detector Measurement v5 starting.,,kiosk_validation,
6/14/2018 14:59,Detector Measurement v5,Detector Measurement v5 completed successfully,,kiosk_validation,
6/14/2018 14:59,Detector Measurement v5,Voltage=2164.500000 AreaPerIon=262.409869,,kiosk_validation,
6/14/2018 14:57,Detector Measurement v5,Setting detector voltage to 2164.500000,,kiosk_validation,
6/14/2018 14:57,Detector Measurement v5,Setting detector voltage to 2014.500000,,kiosk_validation,
6/14/2018 14:57,Detector Measurement v5,Detector Measurement v5 starting.,,kiosk_validation,
6/14/2018 14:57,Detector Measurement v5,Detector Measurement v5 completed successfully,,kiosk_validation,
6/14/2018 14:57,Detector Measurement v5,Voltage=2164.500000 AreaPerIon=260.158531,,kiosk_validation,
6/14/2018 14:55,Detector Measurement v5,Setting detector voltage to 2164.500000,,kiosk_validation,
6/14/2018 14:55,Detector Measurement v5,Setting detector voltage to 2014.500000,,kiosk_validation,
6/14/2018 14:55,Detector Measurement v5,Detector Measurement v5 starting.,,kiosk_validation,
6/14/2018 11:30,Detector Measurement v5,Detector Measurement v5 completed successfully,,kiosk_validation,
6/14/2018 11:30,Detector Measurement v5,Voltage=2164.500000 AreaPerIon=260.439669,,kiosk_validation,
6/14/2018 11:28,Detector Measurement v5,Setting detector voltage to 2164.500000,,kiosk_validation,
6/14/2018 11:28,Detector Measurement v5,Setting detector voltage to 2014.500000,,kiosk_validation,
6/14/2018 11:28,Detector Measurement v5,Detector Measurement v5 starting.,,kiosk_validation,
6/14/2018 11:28,Detector Measurement v5,Detector Measurement v5 completed successfully,,kiosk_validation,
6/14/2018 11:28,Detector Measurement v5,Voltage=2164.500000 AreaPerIon=265.369810,,kiosk_validation,
6/14/2018 11:26,Detector Measurement v5,Setting detector voltage to 2164.500000,,kiosk_validation,
6/14/2018 11:26,Detector Measurement v5,Setting detector voltage to 2014.500000,,kiosk_validation,
6/14/2018 11:26,Detector Measurement v5,Detector Measurement v5 starting.,,kiosk_validation,
6/14/2018 11:25,Detector Measurement v5,Detector Measurement v5 completed successfully,,kiosk_validation,
6/14/2018 11:25,Detector Measurement v5,Voltage=2164.500000 AreaPerIon=261.869385,,kiosk_validation,
6/14/2018 11:24,Detector Measurement v5,Setting detector voltage to 2164.500000,,kiosk_validation,
6/14/2018 11:24,Detector Measurement v5,Setting detector voltage to 2014.500000,,kiosk_validation,
6/14/2018 11:24,Detector Measurement v5,Detector Measurement v5 starting.,,kiosk_validation,
6/14/2018 7:59,Detector Measurement v5,Detector Measurement v5 completed successfully,,kiosk_validation,
6/14/2018 7:59,Detector Measurement v5,Voltage=2164.500000 AreaPerIon=258.158820,,kiosk_validation,
6/14/2018 7:58,Detector Measurement v5,Setting detector voltage to 2164.500000,,kiosk_validation,
6/14/2018 7:58,Detector Measurement v5,Setting detector voltage to 2014.500000,,kiosk_validation,
6/14/2018 7:58,Detector Measurement v5,Detector Measurement v5 starting.,,kiosk_validation,
6/14/2018 7:57,Detector Measurement v5,Detector Measurement v5 completed successfully,,kiosk_validation,
6/14/2018 7:57,Detector Measurement v5,Voltage=2164.500000 AreaPerIon=259.329741,,kiosk_validation,
6/14/2018 7:56,Detector Measurement v5,Setting detector voltage to 2164.500000,,kiosk_validation,
6/14/2018 7:56,Detector Measurement v5,Setting detector voltage to 2014.500000,,kiosk_validation,
6/14/2018 7:56,Detector Measurement v5,Detector Measurement v5 starting.,,kiosk_validation,
6/14/2018 7:55,Detector Measurement v5,Detector Measurement v5 completed successfully,,kiosk_validation,
6/14/2018 7:55,Detector Measurement v5,Voltage=2164.500000 AreaPerIon=260.893837,,kiosk_validation,
6/14/2018 7:54,Detector Measurement v5,Setting detector voltage to 2164.500000,,kiosk_validation,
6/14/2018 7:54,Detector Measurement v5,Setting detector voltage to 2014.500000,,kiosk_validation,
6/14/2018 7:54,Detector Measurement v5,Detector Measurement v5 starting.,,kiosk_validation,
6/14/2018 4:29,Detector Measurement v5,Detector Measurement v5 completed successfully,,kiosk_validation,
6/14/2018 4:29,Detector Measurement v5,Voltage=2164.500000 AreaPerIon=267.416463,,kiosk_validation,
6/14/2018 4:28,Detector Measurement v5,Setting detector voltage to 2164.500000,,kiosk_validation,
6/14/2018 4:28,Detector Measurement v5,Setting detector voltage to 2014.500000,,kiosk_validation,
6/14/2018 4:28,Detector Measurement v5,Detector Measurement v5 starting.,,kiosk_validation,
6/14/2018 4:27,Detector Measurement v5,Detector Measurement v5 completed successfully,,kiosk_validation,
6/14/2018 4:27,Detector Measurement v5,Voltage=2164.500000 AreaPerIon=264.222222,,kiosk_validation,
6/14/2018 4:26,Detector Measurement v5,Setting detector voltage to 2164.500000,,kiosk_validation,
6/14/2018 4:26,Detector Measurement v5,Setting detector voltage to 2014.500000,,kiosk_validation,
6/14/2018 4:26,Detector Measurement v5,Detector Measurement v5 starting.,,kiosk_validation,
6/14/2018 4:25,Detector Measurement v5,Detector Measurement v5 completed successfully,,kiosk_validation,
6/14/2018 4:25,Detector Measurement v5,Voltage=2164.500000 AreaPerIon=260.528040,,kiosk_validation,
6/14/2018 4:24,Detector Measurement v5,Setting detector voltage to 2164.500000,,kiosk_validation,
6/14/2018 4:23,Detector Measurement v5,Setting detector voltage to 2014.500000,,kiosk_validation,
6/14/2018 4:23,Detector Measurement v5,Detector Measurement v5 starting.,,kiosk_validation,
6/14/2018 0:59,Detector Measurement v5,Detector Measurement v5 completed successfully,,kiosk_validation,
6/14/2018 0:59,Detector Measurement v5,Voltage=2164.500000 AreaPerIon=276.168875,,kiosk_validation,
6/14/2018 0:58,Detector Measurement v5,Setting detector voltage to 2164.500000,,kiosk_validation,
6/14/2018 0:57,Detector Measurement v5,Setting detector voltage to 2014.500000,,kiosk_validation,
6/14/2018 0:57,Detector Measurement v5,Detector Measurement v5 starting.,,kiosk_validation,
6/14/2018 0:57,Detector Measurement v5,Detector Measurement v5 completed successfully,,kiosk_validation,
6/14/2018 0:57,Detector Measurement v5,Voltage=2164.500000 AreaPerIon=272.474461,,kiosk_validation,
6/14/2018 0:55,Detector Measurement v5,Setting detector voltage to 2164.500000,,kiosk_validation,
6/14/2018 0:55,Detector Measurement v5,Setting detector voltage to 2014.500000,,kiosk_validation,
6/14/2018 0:55,Detector Measurement v5,Detector Measurement v5 starting.,,kiosk_validation,
6/14/2018 0:54,Detector Measurement v5,Detector Measurement v5 completed successfully,,kiosk_validation,
6/14/2018 0:54,Detector Measurement v5,Voltage=2164.500000 AreaPerIon=272.401688,,kiosk_validation,
6/14/2018 0:53,Detector Measurement v5,Setting detector voltage to 2164.500000,,kiosk_validation,
6/14/2018 0:53,Detector Measurement v5,Setting detector voltage to 2014.500000,,kiosk_validation,
6/14/2018 0:53,Detector Measurement v5,Detector Measurement v5 starting.,,kiosk_validation,
6/13/2018 21:28,Detector Measurement v5,Detector Measurement v5 completed successfully,,kiosk_validation,
6/13/2018 21:28,Detector Measurement v5,Voltage=2164.500000 AreaPerIon=270.774461,,kiosk_validation,
6/13/2018 21:27,Detector Measurement v5,Setting detector voltage to 2164.500000,,kiosk_validation,
6/13/2018 21:27,Detector Measurement v5,Setting detector voltage to 2014.500000,,kiosk_validation,
6/13/2018 21:27,Detector Measurement v5,Detector Measurement v5 starting.,,kiosk_validation,
6/13/2018 21:26,Detector Measurement v5,Detector Measurement v5 completed successfully,,kiosk_validation,
6/13/2018 21:26,Detector Measurement v5,Voltage=2164.500000 AreaPerIon=268.695086,,kiosk_validation,
6/13/2018 21:25,Detector Measurement v5,Setting detector voltage to 2164.500000,,kiosk_validation,
6/13/2018 21:25,Detector Measurement v5,Setting detector voltage to 2014.500000,,kiosk_validation,
6/13/2018 21:25,Detector Measurement v5,Detector Measurement v5 starting.,,kiosk_validation,
6/13/2018 21:24,Detector Measurement v5,Detector Measurement v5 completed successfully,,kiosk_validation,
6/13/2018 21:24,Detector Measurement v5,Voltage=2164.500000 AreaPerIon=266.573320,,kiosk_validation,
6/13/2018 21:23,Detector Measurement v5,Setting detector voltage to 2164.500000,,kiosk_validation,
6/13/2018 21:23,Detector Measurement v5,Setting detector voltage to 2014.500000,,kiosk_validation,
6/13/2018 21:23,Detector Measurement v5,Detector Measurement v5 starting.,,kiosk_validation,
6/13/2018 17:57,Detector Measurement v5,Detector Measurement v5 completed successfully,,kiosk_validation,
6/13/2018 17:57,Detector Measurement v5,Voltage=2164.500000 AreaPerIon=274.413926,,kiosk_validation,
6/13/2018 17:56,Detector Measurement v5,Setting detector voltage to 2164.500000,,kiosk_validation,
6/13/2018 17:56,Detector Measurement v5,Setting detector voltage to 2014.500000,,kiosk_validation,
6/13/2018 17:56,Detector Measurement v5,Detector Measurement v5 starting.,,kiosk_validation,
6/13/2018 17:55,Detector Measurement v5,Detector Measurement v5 completed successfully,,kiosk_validation,
6/13/2018 17:55,Detector Measurement v5,Voltage=2164.500000 AreaPerIon=272.274467,,kiosk_validation,
6/13/2018 17:54,Detector Measurement v5,Setting detector voltage to 2164.500000,,kiosk_validation,
6/13/2018 17:54,Detector Measurement v5,Setting detector voltage to 2014.500000,,kiosk_validation,
6/13/2018 17:54,Detector Measurement v5,Detector Measurement v5 starting.,,kiosk_validation,
6/13/2018 17:53,Detector Measurement v5,Detector Measurement v5 completed successfully,,kiosk_validation,
6/13/2018 17:53,Detector Measurement v5,Voltage=2164.500000 AreaPerIon=271.728213,,kiosk_validation,
6/13/2018 17:52,Detector Measurement v5,Setting detector voltage to 2164.500000,,kiosk_validation,
6/13/2018 17:51,Detector Measurement v5,Setting detector voltage to 2014.500000,,kiosk_validation,
6/13/2018 17:51,Detector Measurement v5,Detector Measurement v5 starting.,,kiosk_validation,
6/13/2018 13:45,Detector Measurement v5,Detector Measurement v5 completed successfully,,kiosk_validation,
6/13/2018 13:45,Detector Measurement v5,Voltage=2164.500000 AreaPerIon=285.898160,,kiosk_validation,
6/13/2018 13:44,Detector Measurement v5,Setting detector voltage to 2164.500000,,kiosk_validation,
6/13/2018 13:44,Detector Measurement v5,Setting detector voltage to 2014.500000,,kiosk_validation,
6/13/2018 13:44,Detector Measurement v5,Detector Measurement v5 starting.,,kiosk_validation,
6/13/2018 13:43,Detector Measurement v5,Detector Measurement v5 completed successfully,,kiosk_validation,
6/13/2018 13:43,Detector Measurement v5,Voltage=2164.500000 AreaPerIon=283.051732,,kiosk_validation,
6/13/2018 13:42,Detector Measurement v5,Setting detector voltage to 2164.500000,,kiosk_validation,
6/13/2018 13:42,Detector Measurement v5,Setting detector voltage to 2014.500000,,kiosk_validation,
6/13/2018 13:42,Detector Measurement v5,Detector Measurement v5 starting.,,kiosk_validation,
6/13/2018 13:41,Detector Measurement v5,Detector Measurement v5 completed successfully,,kiosk_validation,
6/13/2018 13:41,Detector Measurement v5,Voltage=2164.500000 AreaPerIon=287.565233,,kiosk_validation,
6/13/2018 13:40,Detector Measurement v5,Setting detector voltage to 2164.500000,,kiosk_validation,
6/13/2018 13:40,Detector Measurement v5,Setting detector voltage to 2014.500000,,kiosk_validation,
6/13/2018 13:40,Detector Measurement v5,Detector Measurement v5 starting.,,kiosk_validation,
6/13/2018 13:37,Gain Optimization v5,Gain Optimization v5 completed successfully,,kiosk_validation,
6/13/2018 13:37,Gain Optimization v5,Voltage=2164.500000 AreaPerIon=288.788754,,kiosk_validation,
6/13/2018 13:36,Gain Optimization v5,Setting detector voltage to 2164.500000,,kiosk_validation,
6/13/2018 13:36,Gain Optimization v5,Voltage=2014.500000 AreaPerIon=109.158811,,kiosk_validation,
6/13/2018 13:34,Gain Optimization v5,Setting detector voltage to 2014.500000,,kiosk_validation,
6/13/2018 13:34,Gain Optimization v5,Voltage adjustment required.  TargetAreaPerIon=110.000000 AreaPerIon=126.121735,,kiosk_validation,
6/13/2018 13:34,Gain Optimization v5,Voltage=2027.000000 AreaPerIon=126.121735,,kiosk_validation,
6/13/2018 13:33,Gain Optimization v5,Setting detector voltage to 2027.000000,,kiosk_validation,
6/13/2018 13:33,Gain Optimization v5,Gain Optimization v5 starting. Target AreaPerIon is 110.000000,,kiosk_validation,
6/13/2018 3:06,Gain Optimization v5,Gain Optimization v5 completed successfully,,kiosk_validation,
6/13/2018 3:06,Gain Optimization v5,Voltage=2177.000000 AreaPerIon=233.749165,,kiosk_validation,
6/13/2018 3:05,Gain Optimization v5,Setting detector voltage to 2177.000000,,kiosk_validation,
6/13/2018 3:05,Gain Optimization v5,Voltage=2027.000000 AreaPerIon=110.322999,,kiosk_validation,
6/13/2018 3:04,Gain Optimization v5,Setting detector voltage to 2027.000000,,kiosk_validation,
6/13/2018 3:04,Gain Optimization v5,Voltage=2023.500000 AreaPerIon=108.039656,,kiosk_validation,
6/13/2018 3:03,Gain Optimization v5,Setting detector voltage to 2023.500000,,kiosk_validation,
6/13/2018 3:03,Gain Optimization v5,Voltage adjustment required.  TargetAreaPerIon=110.000000 AreaPerIon=101.227383,,kiosk_validation,
6/13/2018 3:03,Gain Optimization v5,Voltage=2011.000000 AreaPerIon=101.227383,,kiosk_validation,
6/13/2018 3:01,Gain Optimization v5,Setting detector voltage to 2011.000000,,kiosk_validation,
6/13/2018 3:01,Gain Optimization v5,Gain Optimization v5 starting. Target AreaPerIon is 110.000000,,kiosk_validation,
6/13/2018 3:01,Detector Measurement v5,Detector Measurement v5 completed successfully,,kiosk_validation,
6/13/2018 3:01,Detector Measurement v5,Voltage=2161.000000 AreaPerIon=213.547500,,kiosk_validation,
6/13/2018 3:00,Detector Measurement v5,Setting detector voltage to 2161.000000,,kiosk_validation,
6/13/2018 2:59,Detector Measurement v5,Setting detector voltage to 2011.000000,,kiosk_validation,
6/13/2018 2:59,Detector Measurement v5,Detector Measurement v5 starting.,,kiosk_validation,
6/13/2018 2:59,Detector Measurement v5,Detector Measurement v5 completed successfully,,kiosk_validation,
6/13/2018 2:59,Detector Measurement v5,Voltage=2161.000000 AreaPerIon=214.583357,,kiosk_validation,
6/13/2018 2:57,Detector Measurement v5,Setting detector voltage to 2161.000000,,kiosk_validation,
6/13/2018 2:57,Detector Measurement v5,Setting detector voltage to 2011.000000,,kiosk_validation,
6/13/2018 2:57,Detector Measurement v5,Detector Measurement v5 starting.,,kiosk_validation,
6/13/2018 2:57,Detector Measurement v5,Detector Measurement v5 completed successfully,,kiosk_validation,
6/13/2018 2:57,Detector Measurement v5,Voltage=2161.000000 AreaPerIon=216.607423,,kiosk_validation,
6/13/2018 2:55,Detector Measurement v5,Setting detector voltage to 2161.000000,,kiosk_validation,
6/13/2018 2:55,Detector Measurement v5,Setting detector voltage to 2011.000000,,kiosk_validation,
6/13/2018 2:55,Detector Measurement v5,Detector Measurement v5 starting.,,kiosk_validation,
6/12/2018 9:45,Detector Measurement v5,Detector Measurement v5 completed successfully,,kiosk_validation,
6/12/2018 9:45,Detector Measurement v5,Voltage=2161.000000 AreaPerIon=223.152883,,kiosk_validation,
6/12/2018 9:44,Detector Measurement v5,Setting detector voltage to 2161.000000,,kiosk_validation,
6/12/2018 9:44,Detector Measurement v5,Setting detector voltage to 2011.000000,,kiosk_validation,
6/12/2018 9:44,Detector Measurement v5,Detector Measurement v5 starting.,,kiosk_validation,
6/12/2018 9:43,Detector Measurement v5,Detector Measurement v5 completed successfully,,kiosk_validation,
6/12/2018 9:43,Detector Measurement v5,Voltage=2161.000000 AreaPerIon=228.000304,,kiosk_validation,
6/12/2018 9:42,Detector Measurement v5,Setting detector voltage to 2161.000000,,kiosk_validation,
6/12/2018 9:42,Detector Measurement v5,Setting detector voltage to 2011.000000,,kiosk_validation,
6/12/2018 9:42,Detector Measurement v5,Detector Measurement v5 starting.,,kiosk_validation,
6/12/2018 9:41,Detector Measurement v5,Detector Measurement v5 completed successfully,,kiosk_validation,
6/12/2018 9:41,Detector Measurement v5,Voltage=2161.000000 AreaPerIon=228.194539,,kiosk_validation,
6/12/2018 9:40,Detector Measurement v5,Setting detector voltage to 2161.000000,,kiosk_validation,
6/12/2018 9:39,Detector Measurement v5,Setting detector voltage to 2011.000000,,kiosk_validation,
6/12/2018 9:39,Detector Measurement v5,Detector Measurement v5 starting.,,kiosk_validation,
6/12/2018 9:36,Gain Optimization v5,Gain Optimization v5 completed successfully,,kiosk_validation,
6/12/2018 9:36,Gain Optimization v5,Voltage=2161.000000 AreaPerIon=230.556938,,kiosk_validation,
6/12/2018 9:35,Gain Optimization v5,Setting detector voltage to 2161.000000,,kiosk_validation,
6/12/2018 9:35,Gain Optimization v5,"At present voltage, area per ion is within tolerance of target. No change necessary.",,kiosk_validation,
6/12/2018 9:35,Gain Optimization v5,Voltage=2011.000000 AreaPerIon=106.549990,,kiosk_validation,
6/12/2018 9:34,Gain Optimization v5,Setting detector voltage to 2011.000000,,kiosk_validation,
6/12/2018 9:34,Gain Optimization v5,Gain Optimization v5 starting. Target AreaPerIon is 110.000000,,kiosk_validation,
6/12/2018 8:43,Gain Optimization v5,Gain Optimization v5 completed successfully,,kiosk_validation,
6/12/2018 8:43,Gain Optimization v5,Voltage=2011.000000 AreaPerIon=110.555737,,kiosk_validation,
6/12/2018 8:41,Gain Optimization v5,Voltage=2011.000000 AreaPerIon=111.595466,,kiosk_validation,
6/12/2018 8:40,Gain Optimization v5,Setting detector voltage to 2011.000000,,kiosk_validation,
6/12/2018 8:40,Gain Optimization v5,Voltage=2006.200000 AreaPerIon=106.132322,,kiosk_validation,
6/12/2018 8:39,Gain Optimization v5,Setting detector voltage to 2006.200000,,kiosk_validation,
6/12/2018 8:39,Gain Optimization v5,Voltage adjustment required.  TargetAreaPerIon=110.000000 AreaPerIon=116.525843,,kiosk_validation,
6/12/2018 8:39,Gain Optimization v5,Voltage=2018.700000 AreaPerIon=116.525843,,kiosk_validation,
6/12/2018 8:38,Gain Optimization v5,Setting detector voltage to 2018.700000,,kiosk_validation,
6/12/2018 8:38,Gain Optimization v5,Gain Optimization v5 starting. Target AreaPerIon is 110.000000,,kiosk_validation,
6/12/2018 5:12,Detector Measurement v5,Detector Measurement v5 completed successfully,,kiosk_validation,
6/12/2018 5:12,Detector Measurement v5,Voltage=2018.700000 AreaPerIon=118.753422,,kiosk_validation,
6/12/2018 5:11,Detector Measurement v5,Setting detector voltage to 2018.700000,,kiosk_validation,
6/12/2018 5:11,Detector Measurement v5,Detector Measurement v5 starting.,,kiosk_validation,
6/12/2018 5:10,Detector Measurement v5,Detector Measurement v5 completed successfully,,kiosk_validation,
6/12/2018 5:10,Detector Measurement v5,Voltage=2018.700000 AreaPerIon=119.030821,,kiosk_validation,
6/12/2018 5:09,Detector Measurement v5,Setting detector voltage to 2018.700000,,kiosk_validation,
6/12/2018 5:09,Detector Measurement v5,Detector Measurement v5 starting.,,kiosk_validation,
6/12/2018 5:08,Detector Measurement v5,Detector Measurement v5 completed successfully,,kiosk_validation,
6/12/2018 5:08,Detector Measurement v5,Voltage=2018.700000 AreaPerIon=117.543057,,kiosk_validation,
6/12/2018 5:07,Detector Measurement v5,Setting detector voltage to 2018.700000,,kiosk_validation,
6/12/2018 5:07,Detector Measurement v5,Detector Measurement v5 starting.,,kiosk_validation,
6/12/2018 1:40,Detector Measurement v5,Detector Measurement v5 completed successfully,,kiosk_validation,
6/12/2018 1:40,Detector Measurement v5,Voltage=2018.700000 AreaPerIon=118.247116,,kiosk_validation,
6/12/2018 1:39,Detector Measurement v5,Setting detector voltage to 2018.700000,,kiosk_validation,
6/12/2018 1:39,Detector Measurement v5,Detector Measurement v5 starting.,,kiosk_validation,
6/12/2018 1:38,Detector Measurement v5,Detector Measurement v5 completed successfully,,kiosk_validation,
6/12/2018 1:38,Detector Measurement v5,Voltage=2018.700000 AreaPerIon=118.627917,,kiosk_validation,
6/12/2018 1:37,Detector Measurement v5,Setting detector voltage to 2018.700000,,kiosk_validation,
6/12/2018 1:37,Detector Measurement v5,Detector Measurement v5 starting.,,kiosk_validation,
6/12/2018 1:36,Detector Measurement v5,Detector Measurement v5 completed successfully,,kiosk_validation,
6/12/2018 1:36,Detector Measurement v5,Voltage=2018.700000 AreaPerIon=116.762134,,kiosk_validation,
6/12/2018 1:34,Detector Measurement v5,Setting detector voltage to 2018.700000,,kiosk_validation,
6/12/2018 1:34,Detector Measurement v5,Detector Measurement v5 starting.,,kiosk_validation,
6/11/2018 22:09,Detector Measurement v5,Detector Measurement v5 completed successfully,,kiosk_validation,
6/11/2018 22:09,Detector Measurement v5,Voltage=2018.700000 AreaPerIon=114.343508,,kiosk_validation,
6/11/2018 22:08,Detector Measurement v5,Setting detector voltage to 2018.700000,,kiosk_validation,
6/11/2018 22:08,Detector Measurement v5,Detector Measurement v5 starting.,,kiosk_validation,
6/11/2018 22:07,Detector Measurement v5,Detector Measurement v5 completed successfully,,kiosk_validation,
6/11/2018 22:07,Detector Measurement v5,Voltage=2018.700000 AreaPerIon=117.129286,,kiosk_validation,
6/11/2018 22:06,Detector Measurement v5,Setting detector voltage to 2018.700000,,kiosk_validation,
6/11/2018 22:06,Detector Measurement v5,Detector Measurement v5 starting.,,kiosk_validation,
6/11/2018 22:05,Detector Measurement v5,Detector Measurement v5 completed successfully,,kiosk_validation,
6/11/2018 22:05,Detector Measurement v5,Voltage=2018.700000 AreaPerIon=113.762288,,kiosk_validation,
6/11/2018 22:03,Detector Measurement v5,Setting detector voltage to 2018.700000,,kiosk_validation,
6/11/2018 22:03,Detector Measurement v5,Detector Measurement v5 starting.,,kiosk_validation,
6/11/2018 18:38,Detector Measurement v5,Detector Measurement v5 completed successfully,,kiosk_validation,
6/11/2018 18:38,Detector Measurement v5,Voltage=2018.700000 AreaPerIon=115.545184,,kiosk_validation,
6/11/2018 18:36,Detector Measurement v5,Setting detector voltage to 2018.700000,,kiosk_validation,
6/11/2018 18:36,Detector Measurement v5,Detector Measurement v5 starting.,,kiosk_validation,
6/11/2018 18:36,Detector Measurement v5,Detector Measurement v5 completed successfully,,kiosk_validation,
6/11/2018 18:36,Detector Measurement v5,Voltage=2018.700000 AreaPerIon=114.029438,,kiosk_validation,
6/11/2018 18:34,Detector Measurement v5,Setting detector voltage to 2018.700000,,kiosk_validation,
6/11/2018 18:34,Detector Measurement v5,Detector Measurement v5 starting.,,kiosk_validation,
6/11/2018 18:34,Detector Measurement v5,Detector Measurement v5 completed successfully,,kiosk_validation,
6/11/2018 18:34,Detector Measurement v5,Voltage=2018.700000 AreaPerIon=113.707264,,kiosk_validation,
6/11/2018 18:32,Detector Measurement v5,Setting detector voltage to 2018.700000,,kiosk_validation,
6/11/2018 18:32,Detector Measurement v5,Detector Measurement v5 starting.,,kiosk_validation,
6/11/2018 15:06,Detector Measurement v5,Detector Measurement v5 completed successfully,,kiosk_validation,
6/11/2018 15:06,Detector Measurement v5,Voltage=2018.700000 AreaPerIon=113.783196,,kiosk_validation,
6/11/2018 15:05,Detector Measurement v5,Setting detector voltage to 2018.700000,,kiosk_validation,
6/11/2018 15:05,Detector Measurement v5,Detector Measurement v5 starting.,,kiosk_validation,
6/11/2018 15:04,Detector Measurement v5,Detector Measurement v5 completed successfully,,kiosk_validation,
6/11/2018 15:04,Detector Measurement v5,Voltage=2018.700000 AreaPerIon=113.667433,,kiosk_validation,
6/11/2018 15:02,Detector Measurement v5,Setting detector voltage to 2018.700000,,kiosk_validation,
6/11/2018 15:02,Detector Measurement v5,Detector Measurement v5 starting.,,kiosk_validation,
6/11/2018 15:02,Detector Measurement v5,Detector Measurement v5 completed successfully,,kiosk_validation,
6/11/2018 15:02,Detector Measurement v5,Voltage=2018.700000 AreaPerIon=112.413786,,kiosk_validation,
6/11/2018 15:00,Detector Measurement v5,Setting detector voltage to 2018.700000,,kiosk_validation,
6/11/2018 15:00,Detector Measurement v5,Detector Measurement v5 starting.,,kiosk_validation,
6/11/2018 11:32,Detector Measurement v5,Detector Measurement v5 completed successfully,,kiosk_validation,
6/11/2018 11:32,Detector Measurement v5,Voltage=2018.700000 AreaPerIon=113.233795,,kiosk_validation,
6/11/2018 11:30,Detector Measurement v5,Setting detector voltage to 2018.700000,,kiosk_validation,
6/11/2018 11:30,Detector Measurement v5,Detector Measurement v5 starting.,,kiosk_validation,
6/11/2018 11:30,Detector Measurement v5,Detector Measurement v5 completed successfully,,kiosk_validation,
6/11/2018 11:30,Detector Measurement v5,Voltage=2018.700000 AreaPerIon=112.301121,,kiosk_validation,
6/11/2018 11:28,Detector Measurement v5,Setting detector voltage to 2018.700000,,kiosk_validation,
6/11/2018 11:28,Detector Measurement v5,Detector Measurement v5 starting.,,kiosk_validation,
6/11/2018 11:28,Detector Measurement v5,Detector Measurement v5 completed successfully,,kiosk_validation,
6/11/2018 11:28,Detector Measurement v5,Voltage=2018.700000 AreaPerIon=112.014106,,kiosk_validation,
6/11/2018 11:26,Detector Measurement v5,Setting detector voltage to 2018.700000,,kiosk_validation,
6/11/2018 11:26,Detector Measurement v5,Detector Measurement v5 starting.,,kiosk_validation,
6/10/2018 1:08,Detector Measurement v5,Detector Measurement v5 completed successfully,,kiosk_validation,
6/10/2018 1:08,Detector Measurement v5,Voltage=2018.700000 AreaPerIon=112.351321,,kiosk_validation,
6/10/2018 1:06,Detector Measurement v5,Setting detector voltage to 2018.700000,,kiosk_validation,
6/10/2018 1:06,Detector Measurement v5,Detector Measurement v5 starting.,,kiosk_validation,
6/10/2018 1:06,Detector Measurement v5,Detector Measurement v5 completed successfully,,kiosk_validation,
6/10/2018 1:06,Detector Measurement v5,Voltage=2018.700000 AreaPerIon=111.886341,,kiosk_validation,
6/10/2018 1:04,Detector Measurement v5,Setting detector voltage to 2018.700000,,kiosk_validation,
6/10/2018 1:04,Detector Measurement v5,Detector Measurement v5 starting.,,kiosk_validation,
6/10/2018 1:03,Detector Measurement v5,Detector Measurement v5 completed successfully,,kiosk_validation,
6/10/2018 1:03,Detector Measurement v5,Voltage=2018.700000 AreaPerIon=111.318645,,kiosk_validation,
6/10/2018 1:02,Detector Measurement v5,Setting detector voltage to 2018.700000,,kiosk_validation,
6/10/2018 1:02,Detector Measurement v5,Detector Measurement v5 starting.,,kiosk_validation,
6/9/2018 21:33,Detector Measurement v5,Detector Measurement v5 completed successfully,,kiosk_validation,
6/9/2018 21:33,Detector Measurement v5,Voltage=2018.700000 AreaPerIon=112.837780,,kiosk_validation,
6/9/2018 21:32,Detector Measurement v5,Setting detector voltage to 2018.700000,,kiosk_validation,
6/9/2018 21:32,Detector Measurement v5,Detector Measurement v5 starting.,,kiosk_validation,
6/9/2018 21:31,Detector Measurement v5,Detector Measurement v5 completed successfully,,kiosk_validation,
6/9/2018 21:31,Detector Measurement v5,Voltage=2018.700000 AreaPerIon=112.551225,,kiosk_validation,
6/9/2018 21:29,Detector Measurement v5,Setting detector voltage to 2018.700000,,kiosk_validation,
6/9/2018 21:29,Detector Measurement v5,Detector Measurement v5 starting.,,kiosk_validation,
6/9/2018 21:29,Detector Measurement v5,Detector Measurement v5 completed successfully,,kiosk_validation,
6/9/2018 21:29,Detector Measurement v5,Voltage=2018.700000 AreaPerIon=112.305441,,kiosk_validation,
6/9/2018 21:27,Detector Measurement v5,Setting detector voltage to 2018.700000,,kiosk_validation,
6/9/2018 21:27,Detector Measurement v5,Detector Measurement v5 starting.,,kiosk_validation,
6/9/2018 17:57,Detector Measurement v5,Detector Measurement v5 completed successfully,,kiosk_validation,
6/9/2018 17:57,Detector Measurement v5,Voltage=2018.700000 AreaPerIon=113.657419,,kiosk_validation,
6/9/2018 17:56,Detector Measurement v5,Setting detector voltage to 2018.700000,,kiosk_validation,
6/9/2018 17:56,Detector Measurement v5,Detector Measurement v5 starting.,,kiosk_validation,
6/9/2018 17:55,Detector Measurement v5,Detector Measurement v5 completed successfully,,kiosk_validation,
6/9/2018 17:55,Detector Measurement v5,Voltage=2018.700000 AreaPerIon=112.515924,,kiosk_validation,
6/9/2018 17:54,Detector Measurement v5,Setting detector voltage to 2018.700000,,kiosk_validation,
6/9/2018 17:54,Detector Measurement v5,Detector Measurement v5 starting.,,kiosk_validation,
6/9/2018 17:53,Detector Measurement v5,Detector Measurement v5 completed successfully,,kiosk_validation,
6/9/2018 17:53,Detector Measurement v5,Voltage=2018.700000 AreaPerIon=113.934943,,kiosk_validation,
6/9/2018 17:52,Detector Measurement v5,Setting detector voltage to 2018.700000,,kiosk_validation,
6/9/2018 17:52,Detector Measurement v5,Detector Measurement v5 starting.,,kiosk_validation,
6/9/2018 14:22,Detector Measurement v5,Detector Measurement v5 completed successfully,,kiosk_validation,
6/9/2018 14:22,Detector Measurement v5,Voltage=2018.700000 AreaPerIon=113.461725,,kiosk_validation,
6/9/2018 14:21,Detector Measurement v5,Setting detector voltage to 2018.700000,,kiosk_validation,
6/9/2018 14:21,Detector Measurement v5,Detector Measurement v5 starting.,,kiosk_validation,
6/9/2018 14:20,Detector Measurement v5,Detector Measurement v5 completed successfully,,kiosk_validation,
6/9/2018 14:20,Detector Measurement v5,Voltage=2018.700000 AreaPerIon=112.812336,,kiosk_validation,
6/9/2018 14:19,Detector Measurement v5,Setting detector voltage to 2018.700000,,kiosk_validation,
6/9/2018 14:19,Detector Measurement v5,Detector Measurement v5 starting.,,kiosk_validation,
6/9/2018 14:18,Detector Measurement v5,Detector Measurement v5 completed successfully,,kiosk_validation,
6/9/2018 14:18,Detector Measurement v5,Voltage=2018.700000 AreaPerIon=113.014715,,kiosk_validation,
6/9/2018 14:17,Detector Measurement v5,Setting detector voltage to 2018.700000,,kiosk_validation,
6/9/2018 14:17,Detector Measurement v5,Detector Measurement v5 starting.,,kiosk_validation,
6/9/2018 10:46,Detector Measurement v5,Detector Measurement v5 completed successfully,,kiosk_validation,
6/9/2018 10:46,Detector Measurement v5,Voltage=2018.700000 AreaPerIon=113.047331,,kiosk_validation,
6/9/2018 10:45,Detector Measurement v5,Setting detector voltage to 2018.700000,,kiosk_validation,
6/9/2018 10:45,Detector Measurement v5,Detector Measurement v5 starting.,,kiosk_validation,
6/9/2018 10:44,Detector Measurement v5,Detector Measurement v5 completed successfully,,kiosk_validation,
6/9/2018 10:44,Detector Measurement v5,Voltage=2018.700000 AreaPerIon=112.110742,,kiosk_validation,
6/9/2018 10:43,Detector Measurement v5,Setting detector voltage to 2018.700000,,kiosk_validation,
6/9/2018 10:43,Detector Measurement v5,Detector Measurement v5 starting.,,kiosk_validation,
6/9/2018 10:42,Detector Measurement v5,Detector Measurement v5 completed successfully,,kiosk_validation,
6/9/2018 10:42,Detector Measurement v5,Voltage=2018.700000 AreaPerIon=111.735695,,kiosk_validation,
6/9/2018 10:41,Detector Measurement v5,Setting detector voltage to 2018.700000,,kiosk_validation,
6/9/2018 10:41,Detector Measurement v5,Detector Measurement v5 starting.,,kiosk_validation,
6/9/2018 7:11,Detector Measurement v5,Detector Measurement v5 completed successfully,,kiosk_validation,
6/9/2018 7:11,Detector Measurement v5,Voltage=2018.700000 AreaPerIon=113.277252,,kiosk_validation,
6/9/2018 7:10,Detector Measurement v5,Setting detector voltage to 2018.700000,,kiosk_validation,
6/9/2018 7:10,Detector Measurement v5,Detector Measurement v5 starting.,,kiosk_validation,
6/9/2018 7:09,Detector Measurement v5,Detector Measurement v5 completed successfully,,kiosk_validation,
6/9/2018 7:09,Detector Measurement v5,Voltage=2018.700000 AreaPerIon=113.785991,,kiosk_validation,
6/9/2018 7:08,Detector Measurement v5,Setting detector voltage to 2018.700000,,kiosk_validation,
6/9/2018 7:08,Detector Measurement v5,Detector Measurement v5 starting.,,kiosk_validation,
6/9/2018 7:07,Detector Measurement v5,Detector Measurement v5 completed successfully,,kiosk_validation,
6/9/2018 7:07,Detector Measurement v5,Voltage=2018.700000 AreaPerIon=112.411484,,kiosk_validation,
6/9/2018 7:06,Detector Measurement v5,Setting detector voltage to 2018.700000,,kiosk_validation,
6/9/2018 7:06,Detector Measurement v5,Detector Measurement v5 starting.,,kiosk_validation,
6/9/2018 3:36,Detector Measurement v5,Detector Measurement v5 completed successfully,,kiosk_validation,
6/9/2018 3:36,Detector Measurement v5,Voltage=2018.700000 AreaPerIon=112.003510,,kiosk_validation,
6/9/2018 3:35,Detector Measurement v5,Setting detector voltage to 2018.700000,,kiosk_validation,
6/9/2018 3:35,Detector Measurement v5,Detector Measurement v5 starting.,,kiosk_validation,
6/9/2018 3:34,Detector Measurement v5,Detector Measurement v5 completed successfully,,kiosk_validation,
6/9/2018 3:34,Detector Measurement v5,Voltage=2018.700000 AreaPerIon=113.393640,,kiosk_validation,
6/9/2018 3:32,Detector Measurement v5,Setting detector voltage to 2018.700000,,kiosk_validation,
6/9/2018 3:32,Detector Measurement v5,Detector Measurement v5 starting.,,kiosk_validation,
6/9/2018 3:32,Detector Measurement v5,Detector Measurement v5 completed successfully,,kiosk_validation,
6/9/2018 3:32,Detector Measurement v5,Voltage=2018.700000 AreaPerIon=111.580265,,kiosk_validation,
6/9/2018 3:30,Detector Measurement v5,Setting detector voltage to 2018.700000,,kiosk_validation,
6/9/2018 3:30,Detector Measurement v5,Detector Measurement v5 starting.,,kiosk_validation,
6/9/2018 0:01,Detector Measurement v5,Detector Measurement v5 completed successfully,,kiosk_validation,
6/9/2018 0:01,Detector Measurement v5,Voltage=2018.700000 AreaPerIon=111.991604,,kiosk_validation,
6/9/2018 0:00,Detector Measurement v5,Setting detector voltage to 2018.700000,,kiosk_validation,
6/9/2018 0:00,Detector Measurement v5,Detector Measurement v5 starting.,,kiosk_validation,
6/8/2018 23:59,Detector Measurement v5,Detector Measurement v5 completed successfully,,kiosk_validation,
6/8/2018 23:59,Detector Measurement v5,Voltage=2018.700000 AreaPerIon=111.106343,,kiosk_validation,
6/8/2018 23:58,Detector Measurement v5,Setting detector voltage to 2018.700000,,kiosk_validation,
6/8/2018 23:58,Detector Measurement v5,Detector Measurement v5 starting.,,kiosk_validation,
6/8/2018 23:57,Detector Measurement v5,Detector Measurement v5 completed successfully,,kiosk_validation,
6/8/2018 23:57,Detector Measurement v5,Voltage=2018.700000 AreaPerIon=112.061546,,kiosk_validation,
6/8/2018 23:56,Detector Measurement v5,Setting detector voltage to 2018.700000,,kiosk_validation,
6/8/2018 23:56,Detector Measurement v5,Detector Measurement v5 starting.,,kiosk_validation,
6/8/2018 20:26,Detector Measurement v5,Detector Measurement v5 completed successfully,,kiosk_validation,
6/8/2018 20:26,Detector Measurement v5,Voltage=2018.700000 AreaPerIon=112.851768,,kiosk_validation,
6/8/2018 20:25,Detector Measurement v5,Setting detector voltage to 2018.700000,,kiosk_validation,
6/8/2018 20:25,Detector Measurement v5,Detector Measurement v5 starting.,,kiosk_validation,
6/8/2018 20:24,Detector Measurement v5,Detector Measurement v5 completed successfully,,kiosk_validation,
6/8/2018 20:24,Detector Measurement v5,Voltage=2018.700000 AreaPerIon=113.020348,,kiosk_validation,
6/8/2018 20:23,Detector Measurement v5,Setting detector voltage to 2018.700000,,kiosk_validation,
6/8/2018 20:23,Detector Measurement v5,Detector Measurement v5 starting.,,kiosk_validation,
6/8/2018 20:22,Detector Measurement v5,Detector Measurement v5 completed successfully,,kiosk_validation,
6/8/2018 20:22,Detector Measurement v5,Voltage=2018.700000 AreaPerIon=112.315790,,kiosk_validation,
6/8/2018 20:21,Detector Measurement v5,Setting detector voltage to 2018.700000,,kiosk_validation,
6/8/2018 20:21,Detector Measurement v5,Detector Measurement v5 starting.,,kiosk_validation,
6/8/2018 16:52,Detector Measurement v5,Detector Measurement v5 completed successfully,,kiosk_validation,
6/8/2018 16:52,Detector Measurement v5,Voltage=2018.700000 AreaPerIon=111.569777,,kiosk_validation,
6/8/2018 16:50,Detector Measurement v5,Setting detector voltage to 2018.700000,,kiosk_validation,
6/8/2018 16:50,Detector Measurement v5,Detector Measurement v5 starting.,,kiosk_validation,
6/8/2018 16:50,Detector Measurement v5,Detector Measurement v5 completed successfully,,kiosk_validation,
6/8/2018 16:50,Detector Measurement v5,Voltage=2018.700000 AreaPerIon=112.763087,,kiosk_validation,
6/8/2018 16:48,Detector Measurement v5,Setting detector voltage to 2018.700000,,kiosk_validation,
6/8/2018 16:48,Detector Measurement v5,Detector Measurement v5 starting.,,kiosk_validation,
6/8/2018 16:48,Detector Measurement v5,Detector Measurement v5 completed successfully,,kiosk_validation,
6/8/2018 16:48,Detector Measurement v5,Voltage=2018.700000 AreaPerIon=112.573254,,kiosk_validation,
6/8/2018 16:46,Detector Measurement v5,Setting detector voltage to 2018.700000,,kiosk_validation,
6/8/2018 16:46,Detector Measurement v5,Detector Measurement v5 starting.,,kiosk_validation,
6/8/2018 13:17,Detector Measurement v5,Detector Measurement v5 completed successfully,,kiosk_validation,
6/8/2018 13:17,Detector Measurement v5,Voltage=2018.700000 AreaPerIon=110.422734,,kiosk_validation,
6/8/2018 13:16,Detector Measurement v5,Setting detector voltage to 2018.700000,,kiosk_validation,
6/8/2018 13:16,Detector Measurement v5,Detector Measurement v5 starting.,,kiosk_validation,
6/8/2018 13:15,Detector Measurement v5,Detector Measurement v5 completed successfully,,kiosk_validation,
6/8/2018 13:15,Detector Measurement v5,Voltage=2018.700000 AreaPerIon=111.011172,,kiosk_validation,
6/8/2018 13:14,Detector Measurement v5,Setting detector voltage to 2018.700000,,kiosk_validation,
6/8/2018 13:14,Detector Measurement v5,Detector Measurement v5 starting.,,kiosk_validation,
6/8/2018 13:13,Detector Measurement v5,Detector Measurement v5 completed successfully,,kiosk_validation,
6/8/2018 13:13,Detector Measurement v5,Voltage=2018.700000 AreaPerIon=110.915494,,kiosk_validation,
6/8/2018 13:12,Detector Measurement v5,Setting detector voltage to 2018.700000,,kiosk_validation,
6/8/2018 13:12,Detector Measurement v5,Detector Measurement v5 starting.,,kiosk_validation,
6/8/2018 9:00,Detector Measurement v5,Detector Measurement v5 completed successfully,,kiosk_validation,
6/8/2018 9:00,Detector Measurement v5,Voltage=2018.700000 AreaPerIon=109.376507,,kiosk_validation,
6/8/2018 8:59,Detector Measurement v5,Setting detector voltage to 2018.700000,,kiosk_validation,
6/8/2018 8:59,Detector Measurement v5,Detector Measurement v5 starting.,,kiosk_validation,
6/8/2018 8:58,Detector Measurement v5,Detector Measurement v5 completed successfully,,kiosk_validation,
6/8/2018 8:58,Detector Measurement v5,Voltage=2018.700000 AreaPerIon=108.303582,,kiosk_validation,
6/8/2018 8:57,Detector Measurement v5,Setting detector voltage to 2018.700000,,kiosk_validation,
6/8/2018 8:57,Detector Measurement v5,Detector Measurement v5 starting.,,kiosk_validation,
6/8/2018 8:56,Detector Measurement v5,Detector Measurement v5 completed successfully,,kiosk_validation,
6/8/2018 8:56,Detector Measurement v5,Voltage=2018.700000 AreaPerIon=106.141033,,kiosk_validation,
6/8/2018 8:55,Detector Measurement v5,Setting detector voltage to 2018.700000,,kiosk_validation,
6/8/2018 8:55,Detector Measurement v5,Detector Measurement v5 starting.,,kiosk_validation,
6/8/2018 8:52,Gain Optimization v5,Gain Optimization v5 completed successfully,,kiosk_validation,
6/8/2018 8:52,Gain Optimization v5,"At present voltage, area per ion is within tolerance of target. No change necessary.",,kiosk_validation,
6/8/2018 8:52,Gain Optimization v5,Voltage=2018.700000 AreaPerIon=107.454842,,kiosk_validation,
6/8/2018 8:50,Gain Optimization v5,Setting detector voltage to 2018.700000,,kiosk_validation,
6/8/2018 8:50,Gain Optimization v5,Gain Optimization v5 starting. Target AreaPerIon is 110.000000,,kiosk_validation,
6/8/2018 5:56,Gain Optimization v5,Gain Optimization v5 completed successfully,,kiosk_validation,
6/8/2018 5:56,Gain Optimization v5,"At present voltage, area per ion is within tolerance of target. No change necessary.",,kiosk_validation,
6/8/2018 5:56,Gain Optimization v5,Voltage=2018.700000 AreaPerIon=111.668010,,kiosk_validation,
6/8/2018 5:55,Gain Optimization v5,Setting detector voltage to 2018.700000,,kiosk_validation,
6/8/2018 5:55,Gain Optimization v5,Gain Optimization v5 starting. Target AreaPerIon is 110.000000,,kiosk_validation,
6/8/2018 5:54,Detector Measurement v5,Detector Measurement v5 completed successfully,,kiosk_validation,
6/8/2018 5:54,Detector Measurement v5,Voltage=2018.700000 AreaPerIon=110.344626,,kiosk_validation,
6/8/2018 5:53,Detector Measurement v5,Setting detector voltage to 2018.700000,,kiosk_validation,
6/8/2018 5:53,Detector Measurement v5,Detector Measurement v5 starting.,,kiosk_validation,
6/8/2018 5:52,Detector Measurement v5,Detector Measurement v5 completed successfully,,kiosk_validation,
6/8/2018 5:52,Detector Measurement v5,Voltage=2018.700000 AreaPerIon=109.726975,,kiosk_validation,
6/8/2018 5:51,Detector Measurement v5,Setting detector voltage to 2018.700000,,kiosk_validation,
6/8/2018 5:51,Detector Measurement v5,Detector Measurement v5 starting.,,kiosk_validation,
6/8/2018 5:50,Detector Measurement v5,Detector Measurement v5 completed successfully,,kiosk_validation,
6/8/2018 5:50,Detector Measurement v5,Voltage=2018.700000 AreaPerIon=109.675904,,kiosk_validation,
6/8/2018 5:49,Detector Measurement v5,Setting detector voltage to 2018.700000,,kiosk_validation,
6/8/2018 5:49,Detector Measurement v5,Detector Measurement v5 starting.,,kiosk_validation,
6/7/2018 10:34,Detector Measurement v5,Detector Measurement v5 completed successfully,,kiosk_validation,
6/7/2018 10:34,Detector Measurement v5,Voltage=2018.700000 AreaPerIon=110.319893,,kiosk_validation,
6/7/2018 10:33,Detector Measurement v5,Setting detector voltage to 2018.700000,,kiosk_validation,
6/7/2018 10:33,Detector Measurement v5,Detector Measurement v5 starting.,,kiosk_validation,
6/7/2018 10:32,Detector Measurement v5,Detector Measurement v5 completed successfully,,kiosk_validation,
6/7/2018 10:32,Detector Measurement v5,Voltage=2018.700000 AreaPerIon=110.337634,,kiosk_validation,
6/7/2018 10:31,Detector Measurement v5,Setting detector voltage to 2018.700000,,kiosk_validation,
6/7/2018 10:31,Detector Measurement v5,Detector Measurement v5 starting.,,kiosk_validation,
6/7/2018 10:30,Detector Measurement v5,Detector Measurement v5 completed successfully,,kiosk_validation,
6/7/2018 10:30,Detector Measurement v5,Voltage=2018.700000 AreaPerIon=110.956376,,kiosk_validation,
6/7/2018 10:29,Detector Measurement v5,Setting detector voltage to 2018.700000,,kiosk_validation,
6/7/2018 10:29,Detector Measurement v5,Detector Measurement v5 starting.,,kiosk_validation,
6/7/2018 10:26,Gain Optimization v5,Gain Optimization v5 completed successfully,,kiosk_validation,
6/7/2018 10:26,Gain Optimization v5,Voltage=2018.700000 AreaPerIon=109.074519,,kiosk_validation,
6/7/2018 10:25,Gain Optimization v5,Setting detector voltage to 2018.700000,,kiosk_validation,
6/7/2018 10:25,Gain Optimization v5,Voltage=2014.500000 AreaPerIon=107.397764,,kiosk_validation,
6/7/2018 10:24,Gain Optimization v5,Setting detector voltage to 2014.500000,,kiosk_validation,
6/7/2018 10:24,Gain Optimization v5,Voltage=2011.000000 AreaPerIon=107.239342,,kiosk_validation,
6/7/2018 10:22,Gain Optimization v5,Setting detector voltage to 2011.000000,,kiosk_validation,
6/7/2018 10:22,Gain Optimization v5,Voltage adjustment required.  TargetAreaPerIon=110.000000 AreaPerIon=98.049333,,kiosk_validation,
6/7/2018 10:22,Gain Optimization v5,Voltage=1998.500000 AreaPerIon=98.049333,,kiosk_validation,
6/7/2018 10:21,Gain Optimization v5,Setting detector voltage to 1998.500000,,kiosk_validation,
6/7/2018 10:21,Gain Optimization v5,Gain Optimization v5 starting. Target AreaPerIon is 110.000000,,kiosk_validation,
6/5/2018 17:06,Detector Measurement v5,Detector Measurement v5 completed successfully,,kiosk_validation,
6/5/2018 17:06,Detector Measurement v5,Voltage=2148.500000 AreaPerIon=247.734683,,kiosk_validation,
6/5/2018 17:04,Detector Measurement v5,Setting detector voltage to 2148.500000,,kiosk_validation,
6/5/2018 17:04,Detector Measurement v5,Setting detector voltage to 1998.500000,,kiosk_validation,
6/5/2018 17:04,Detector Measurement v5,Detector Measurement v5 starting.,,kiosk_validation,
6/5/2018 17:03,Detector Measurement v5,Detector Measurement v5 completed successfully,,kiosk_validation,
6/5/2018 17:03,Detector Measurement v5,Voltage=2148.500000 AreaPerIon=244.926086,,kiosk_validation,
6/5/2018 17:02,Detector Measurement v5,Setting detector voltage to 2148.500000,,kiosk_validation,
6/5/2018 17:02,Detector Measurement v5,Setting detector voltage to 1998.500000,,kiosk_validation,
6/5/2018 17:02,Detector Measurement v5,Detector Measurement v5 starting.,,kiosk_validation,
6/5/2018 17:01,Detector Measurement v5,Detector Measurement v5 completed successfully,,kiosk_validation,
6/5/2018 17:01,Detector Measurement v5,Voltage=2148.500000 AreaPerIon=249.011748,,kiosk_validation,
6/5/2018 17:00,Detector Measurement v5,Setting detector voltage to 2148.500000,,kiosk_validation,
6/5/2018 17:00,Detector Measurement v5,Setting detector voltage to 1998.500000,,kiosk_validation,
6/5/2018 17:00,Detector Measurement v5,Detector Measurement v5 starting.,,kiosk_validation,
6/5/2018 14:53,Detector Measurement v5,Detector Measurement v5 completed successfully,,kiosk_validation,
6/5/2018 14:53,Detector Measurement v5,Voltage=2148.500000 AreaPerIon=257.048488,,kiosk_validation,
6/5/2018 14:52,Detector Measurement v5,Setting detector voltage to 2148.500000,,kiosk_validation,
6/5/2018 14:51,Detector Measurement v5,Setting detector voltage to 1998.500000,,kiosk_validation,
6/5/2018 14:51,Detector Measurement v5,Detector Measurement v5 starting.,,kiosk_validation,
6/5/2018 14:51,Detector Measurement v5,Detector Measurement v5 completed successfully,,kiosk_validation,
6/5/2018 14:51,Detector Measurement v5,Voltage=2148.500000 AreaPerIon=251.199592,,kiosk_validation,
6/5/2018 14:50,Detector Measurement v5,Setting detector voltage to 2148.500000,,kiosk_validation,
6/5/2018 14:49,Detector Measurement v5,Setting detector voltage to 1998.500000,,kiosk_validation,
6/5/2018 14:49,Detector Measurement v5,Detector Measurement v5 starting.,,kiosk_validation,
6/5/2018 14:49,Detector Measurement v5,Detector Measurement v5 completed successfully,,kiosk_validation,
6/5/2018 14:49,Detector Measurement v5,Voltage=2148.500000 AreaPerIon=258.680874,,kiosk_validation,
6/5/2018 14:47,Detector Measurement v5,Setting detector voltage to 2148.500000,,kiosk_validation,
6/5/2018 14:47,Detector Measurement v5,Setting detector voltage to 1998.500000,,kiosk_validation,
6/5/2018 14:47,Detector Measurement v5,Detector Measurement v5 starting.,,kiosk_validation,
6/5/2018 14:44,Gain Optimization v5,Gain Optimization v5 completed successfully,,kiosk_validation,
6/5/2018 14:44,Gain Optimization v5,Voltage=2148.500000 AreaPerIon=257.939166,,kiosk_validation,
6/5/2018 14:43,Gain Optimization v5,Setting detector voltage to 2148.500000,,kiosk_validation,
6/5/2018 14:43,Gain Optimization v5,Voltage=1998.500000 AreaPerIon=110.643996,,kiosk_validation,
6/5/2018 14:42,Gain Optimization v5,Setting detector voltage to 1998.500000,,kiosk_validation,
6/5/2018 14:42,Gain Optimization v5,Voltage=1996.200000 AreaPerIon=107.590487,,kiosk_validation,
6/5/2018 14:41,Gain Optimization v5,Setting detector voltage to 1996.200000,,kiosk_validation,
6/5/2018 14:41,Gain Optimization v5,Voltage=1997.900000 AreaPerIon=111.207349,,kiosk_validation,
6/5/2018 14:39,Gain Optimization v5,Setting detector voltage to 1997.900000,,kiosk_validation,
6/5/2018 14:39,Gain Optimization v5,Voltage=2016.700000 AreaPerIon=124.677638,,kiosk_validation,
6/5/2018 14:38,Gain Optimization v5,Setting detector voltage to 2016.700000,,kiosk_validation,
6/5/2018 14:38,Gain Optimization v5,Voltage adjustment required.  TargetAreaPerIon=110.000000 AreaPerIon=135.520805,,kiosk_validation,
6/5/2018 14:38,Gain Optimization v5,Voltage=2029.200000 AreaPerIon=135.520805,,kiosk_validation,
6/5/2018 14:37,Gain Optimization v5,Setting detector voltage to 2029.200000,,kiosk_validation,
6/5/2018 14:37,Gain Optimization v5,Gain Optimization v5 starting. Target AreaPerIon is 110.000000,,kiosk_validation,
6/5/2018 13:41,Detector Measurement v5,Detector Measurement v5 completed successfully,,kiosk_validation,
6/5/2018 13:41,Detector Measurement v5,Voltage=2029.200000 AreaPerIon=110.871916,,kiosk_validation,
6/5/2018 13:39,Detector Measurement v5,Setting detector voltage to 2029.200000,,kiosk_validation,
6/5/2018 13:39,Detector Measurement v5,Detector Measurement v5 starting.,,kiosk_validation,
6/5/2018 13:39,Detector Measurement v5,Detector Measurement v5 completed successfully,,kiosk_validation,
6/5/2018 13:39,Detector Measurement v5,Voltage=2029.200000 AreaPerIon=110.308751,,kiosk_validation,
6/5/2018 13:37,Detector Measurement v5,Setting detector voltage to 2029.200000,,kiosk_validation,
6/5/2018 13:37,Detector Measurement v5,Detector Measurement v5 starting.,,kiosk_validation,
6/5/2018 13:37,Detector Measurement v5,Detector Measurement v5 completed successfully,,kiosk_validation,
6/5/2018 13:37,Detector Measurement v5,Voltage=2029.200000 AreaPerIon=110.375892,,kiosk_validation,
6/5/2018 13:35,Detector Measurement v5,Setting detector voltage to 2029.200000,,kiosk_validation,
6/5/2018 13:35,Detector Measurement v5,Detector Measurement v5 starting.,,kiosk_validation,
6/5/2018 13:09,Gain Optimization v5,Gain Optimization v5 completed successfully,,kiosk_validation,
6/5/2018 13:09,Gain Optimization v5,Voltage=2029.200000 AreaPerIon=110.231627,,kiosk_validation,
6/5/2018 13:08,Gain Optimization v5,Setting detector voltage to 2029.200000,,kiosk_validation,
6/5/2018 13:08,Gain Optimization v5,Voltage=2026.400000 AreaPerIon=108.354366,,kiosk_validation,
6/5/2018 13:06,Gain Optimization v5,Setting detector voltage to 2026.400000,,kiosk_validation,
6/5/2018 13:06,Gain Optimization v5,Voltage=1994.600000 AreaPerIon=91.913962,,kiosk_validation,
6/5/2018 13:05,Gain Optimization v5,Setting detector voltage to 1994.600000,,kiosk_validation,
6/5/2018 13:05,Gain Optimization v5,Voltage adjustment required.  TargetAreaPerIon=110.000000 AreaPerIon=85.640133,,kiosk_validation,
6/5/2018 13:05,Gain Optimization v5,Voltage=1982.100000 AreaPerIon=85.640133,,kiosk_validation,
6/5/2018 13:04,Gain Optimization v5,Setting detector voltage to 1982.100000,,kiosk_validation,
6/5/2018 13:04,Gain Optimization v5,Gain Optimization v5 starting. Target AreaPerIon is 110.000000,,kiosk_validation,
6/4/2018 17:08,Gain Optimization v5,Gain Optimization v5 completed successfully,,kiosk_validation,
6/4/2018 17:08,Gain Optimization v5,Voltage=1982.100000 AreaPerIon=109.720118,,kiosk_validation,
6/4/2018 17:07,Gain Optimization v5,Setting detector voltage to 1982.100000,,kiosk_validation,
6/4/2018 17:07,Gain Optimization v5,Voltage=1976.000000 AreaPerIon=103.593777,,kiosk_validation,
6/4/2018 17:06,Gain Optimization v5,Setting detector voltage to 1976.000000,,kiosk_validation,
6/4/2018 17:06,Gain Optimization v5,Voltage=1979.100000 AreaPerIon=104.084671,,kiosk_validation,
6/4/2018 17:05,Gain Optimization v5,Setting detector voltage to 1979.100000,,kiosk_validation,
6/4/2018 17:05,Gain Optimization v5,Voltage=2029.100000 AreaPerIon=188.200915,,kiosk_validation,
6/4/2018 17:04,Gain Optimization v5,Setting detector voltage to 2029.100000,,kiosk_validation,
6/4/2018 17:04,Gain Optimization v5,Voltage=2079.100000 AreaPerIon=290.150376,,kiosk_validation,
6/4/2018 17:03,Gain Optimization v5,Setting detector voltage to 2079.100000,,kiosk_validation,
6/4/2018 17:03,Gain Optimization v5,Voltage adjustment required.  TargetAreaPerIon=110.000000 AreaPerIon=318.428485,,kiosk_validation,
6/4/2018 17:03,Gain Optimization v5,Voltage=2091.600000 AreaPerIon=318.428485,,kiosk_validation,
6/4/2018 17:01,Gain Optimization v5,Setting detector voltage to 2091.600000,,kiosk_validation,
6/4/2018 17:01,Gain Optimization v5,Gain Optimization v5 starting. Target AreaPerIon is 110.000000,,kiosk_validation,
5/21/2018 9:49,Gain Optimization v5,Gain Optimization v5 completed successfully,,kiosk_validation,
5/21/2018 9:49,Gain Optimization v5,Voltage=2091.600000 AreaPerIon=109.954777,,kiosk_validation,
5/21/2018 9:48,Gain Optimization v5,Setting detector voltage to 2091.600000,,kiosk_validation,
5/21/2018 9:48,Gain Optimization v5,Voltage=2041.800000 AreaPerIon=91.126230,,kiosk_validation,
5/21/2018 9:47,Gain Optimization v5,Setting detector voltage to 2041.800000,,kiosk_validation,
5/21/2018 9:47,Gain Optimization v5,Voltage adjustment required.  TargetAreaPerIon=110.000000 AreaPerIon=86.918057,,kiosk_validation,
5/21/2018 9:47,Gain Optimization v5,Voltage=2029.300000 AreaPerIon=86.918057,,kiosk_validation,
5/21/2018 9:45,Gain Optimization v5,Setting detector voltage to 2029.300000,,kiosk_validation,
5/21/2018 9:45,Gain Optimization v5,Gain Optimization v5 starting. Target AreaPerIon is 110.000000,,kiosk_validation,
5/21/2018 8:52,Gain Optimization v5,Gain Optimization v5 completed successfully,,kiosk_validation,
5/21/2018 8:52,Gain Optimization v5,Voltage=2029.300000 AreaPerIon=110.394232,,kiosk_validation,
5/21/2018 8:50,Gain Optimization v5,Setting detector voltage to 2029.300000,,kiosk_validation,
5/21/2018 8:50,Gain Optimization v5,Voltage=2051.800000 AreaPerIon=122.933805,,kiosk_validation,
5/21/2018 8:49,Gain Optimization v5,Setting detector voltage to 2051.800000,,kiosk_validation,
5/21/2018 8:49,Gain Optimization v5,Voltage adjustment required.  TargetAreaPerIon=110.000000 AreaPerIon=130.755843,,kiosk_validation,
5/21/2018 8:49,Gain Optimization v5,Voltage=2064.300000 AreaPerIon=130.755843,,kiosk_validation,
5/21/2018 8:48,Gain Optimization v5,Setting detector voltage to 2064.300000,,kiosk_validation,
5/21/2018 8:48,Gain Optimization v5,Gain Optimization v5 starting. Target AreaPerIon is 110.000000,,kiosk_validation,
